State,2024 Median income,2024 Standard error,2023 Median income,2023 Standard error,2022 Median income,2022 Standard error,2021 Median income,2021 Standard error,2020 Median income,2020 Standard error,2019 Median income,2019 Standard error,2018 Median income,2018 Standard error,2017 Median income,2017 Standard error,2016 Median income,2016 Standard error,2015 Median income,2015 Standard error,2014 Median income,2014 Standard error,2013 Median income,2013 Standard error,2012 Median income,2012 Standard error,2011 Median income,2011 Standard error,2010  Median income,2010 Standard error,2009 Median income,2009 Standard error,2008 Median income,2008 Standard error,2007 Median income,2007 Standard error,2006 Median income,2006 Standard error,2005 Median income,2005 Standard error,2004 Median income,2004 Standard error,2003 Median income,2003 Standard error,2002 Median income,2002 Standard error,2001 Median income,2001 Standard error,2000 Median income,2000 Standard error,1999 Median income,1999 Standard error,1998 Median income,1998 Standard error,1997 Median income,1997 Standard error,1996 Median income,1996 Standard error,1995 Median income,1995 Standard error,1994 Median income,1994 Standard error,1993 Median income,1993 Standard error,1992 Median income,1992 Standard error,1991 Median income,1991 Standard error
United States,"83,730",638,"80,610",385,"74,580",588,"70,780",368,"68,010",535,"68,700",550,"63,180",420,"61,370",335,"59,040",436,"56,520",321,"53,660",392,"53,590",654,"51,020",209,"50,050",251,"49,280",325,"49,780",213,"50,300",137,"50,230",140,"48,200",207,"46,330",155,"44,330",196,"43,320",188,"42,410",139,"42,230",129,"41,990",132,"40,700",190,"38,890",230,"37,010",171,"35,490",179,"34,080",197,"32,260",147,"31,240",146,"30,640",145,"30,130",144
Alabama,"65,560","5,862","60,660","3,993","59,910","1,934","56,930","2,294","54,690","2,563","56,200","2,512","49,940","2,423","51,110",845,"47,220","2,301","44,510","3,419","42,280","1,529","47,320","5,511","43,460","2,529","42,590","2,021","40,930","2,396","39,980",904,"44,480","1,659","42,210","1,420","37,950","1,014","37,150","1,215","36,630","1,303","37,260","1,580","37,600","1,062","35,160","1,006","35,420","1,072","36,250","1,189","36,270","1,307","31,940","1,607","30,300","1,258","25,990","1,266","27,200","1,559","25,080","1,088","25,810","1,058","24,350","1,068"
Alaska,"91,260","5,591","98,190","6,112","89,740","4,842","81,130","3,967","74,750","3,557","78,390","6,685","68,730","3,390","72,230","2,719","75,720","4,086","75,110","3,485","67,630","3,153","72,470","5,446","63,650","2,839","57,430","3,710","57,850","2,390","61,600","1,751","63,990","2,302","62,990","1,583","56,420","1,495","55,890","1,331","55,060","2,071","51,840",981,"52,770","1,073","57,360","2,012","52,850","1,159","51,400","2,226","50,690","2,124","47,990","1,258","52,780","1,907","47,950","2,008","45,370","1,494","42,930","1,643","41,800","1,156","40,610","1,822"
Arizona,"84,700","3,245","82,660","2,723","73,450","4,123","70,820","3,394","67,090","3,409","70,670","3,391","62,280","2,291","61,130","2,642","57,100","1,971","52,250","2,008","49,250","2,304","52,610","4,365","47,040","2,922","48,620","2,424","46,900","2,227","45,740","1,241","46,910","1,125","47,220","1,555","46,660","1,246","45,250","1,271","43,850","1,143","41,170","1,422","39,730","1,003","42,700","1,441","39,780","1,210","37,000","1,133","37,090","1,255","32,740","1,297","31,640","1,274","30,860","1,360","31,290",773,"30,510","1,120","29,360","1,088","30,740",897
Arkansas,"64,840","1,921","63,250","2,451","53,980","2,376","50,780","1,440","50,780","1,837","54,540","2,384","49,780","2,108","48,830","2,642","45,910","2,165","42,800","1,572","44,920","2,546","39,380","2,402","39,020","2,812","41,300","1,849","38,590","2,464","36,540",909,"39,590","1,194","40,800","1,348","37,060",767,"36,660","1,309","34,980",994,"32,000",776,"32,390",778,"33,340","1,144","29,700",772,"29,680","1,026","27,670","1,160","26,160","1,154","27,120",978,"25,810",999,"25,570",944,"23,040",847,"23,880","1,398","23,440",783
California,"100,600","1,694","89,870","1,840","85,300","1,960","81,580","1,219","77,650","1,437","78,100","1,850","70,490","1,233","69,760","1,452","66,640","1,075","63,640","1,711","60,490",894,"60,790","1,811","57,020","1,238","53,370","1,378","54,280","1,182","56,130",619,"57,010",829,"55,730",618,"55,320",695,"51,760",460,"49,220",660,"49,300",819,"47,440",766,"47,260",727,"46,820",686,"43,630",703,"40,930",577,"39,690",864,"38,810",818,"37,010",723,"35,330",619,"34,070",651,"34,900",629,"33,660",685
Colorado,"106,500","8,547","96,640","6,194","89,930","3,790","84,950","3,155","83,780","6,019","72,500","5,221","73,030","3,562","74,170","2,982","70,570","4,125","66,600","3,682","60,940","2,414","67,910","4,129","57,260","2,708","58,630","2,553","60,230","2,481","55,930","1,595","60,940","1,898","61,140","1,014","55,700","1,524","50,450","1,287","50,890","1,590","49,940","1,158","48,290","1,464","49,400","1,190","48,240","1,237","48,180","1,483","46,600","1,086","43,230","1,944","40,950","1,329","40,710","1,552","37,830","1,446","34,490","1,569","32,480","1,471","31,500","1,245"
Connecticut,"99,240","4,631","92,240","5,980","90,730","4,245","80,960","5,261","79,430","3,602","87,290","4,630","72,810","5,119","72,780","3,509","75,920","3,404","72,890","4,449","70,160","2,665","69,290","3,238","64,250","2,853","65,420","3,014","66,000","2,095","64,850","2,308","64,680","2,701","64,140","2,049","62,400","2,162","56,840","1,633","55,100","1,648","54,970","1,561","53,390","1,370","53,350","1,240","50,170","1,357","50,590","2,296","46,510","2,728","43,990","1,989","42,120","3,087","40,240","2,269","41,100","1,595","39,520","1,660","40,840","1,972","42,150","1,944"
Delaware,"85,860","3,258","86,340","3,867","80,750","4,160","68,690","2,919","70,020","5,283","74,190","3,009","65,010","3,599","62,320","3,300","58,050","2,992","57,760","3,392","57,520","2,970","54,090","4,350","48,970","1,976","54,660","1,745","55,210","2,255","52,110","1,781","50,700","1,388","54,590","2,159","52,440","1,730","51,240","1,076","48,050","1,421","49,020","1,378","49,650","1,685","49,600","1,468","50,370","1,508","46,630","2,281","41,460","1,753","43,030","2,062","39,310","1,402","34,930","1,848","35,870","1,191","36,060",849,"35,680","1,393","32,590","1,111"
District of Columbia,"104,800","5,094","111,000","4,904","101,700","3,114","90,640","3,756","88,220","3,511","93,110","3,884","85,750","2,659","83,380","3,319","70,980","2,734","70,070","2,861","68,280","4,402","60,060","5,529","65,250","3,671","55,250","2,109","56,930","3,333","53,140","2,088","55,590","1,763","50,780","1,097","48,480","1,679","44,990","2,167","43,450","1,864","45,040","1,418","39,070",995,"41,170","1,023","41,220","1,072","38,670","1,599","33,430","1,311","31,860",984,"31,970","1,578","30,750","1,182","30,120","1,107","27,300","1,726","30,250","1,124","29,890","1,903"
Florida,"75,630","1,788","72,200","1,537","65,370","1,950","59,730","1,509","57,760","1,814","58,370","1,579","54,640","1,887","53,680","1,816","51,180",835,"48,830","1,395","46,140",950,"48,530","2,815","46,070","1,110","45,110","1,138","44,070","1,544","45,630",706,"44,860",858,"45,790",570,"45,680",629,"42,990",810,"40,540",632,"38,970",759,"38,020",828,"36,420",417,"38,860",743,"35,830",627,"34,910",767,"32,460",583,"30,640",513,"29,750",612,"29,290",632,"28,550",707,"27,350",526,"27,250",475
Georgia,"81,210","2,132","72,420","3,218","67,730","2,981","61,500","2,266","59,270","2,063","56,630","1,782","55,820","2,032","57,020","2,434","53,530","1,679","50,770","1,401","49,560","2,009","46,990","4,236","48,120","1,504","45,970","2,483","44,120","1,822","43,340","1,256","46,230","1,164","48,640","1,078","49,340","1,210","45,930",838,"40,980",618,"42,440",979,"42,940","1,107","42,580","1,073","41,900",831,"39,430","1,355","38,670","1,179","36,660",916,"32,500","1,666","34,100",897,"31,470","1,238","31,660","1,254","28,800","1,228","27,210","1,088"
Hawaii,"98,240","4,347","97,360","4,928","91,010","3,712","82,200","3,790","80,830","2,427","88,010","3,565","80,110","3,482","73,580","2,227","72,130","2,510","64,510","2,840","71,220","2,676","64,240","3,918","56,260","2,255","59,050","2,531","59,540","2,731","55,650","2,023","61,520","1,481","64,020","2,125","60,470","1,571","59,590","1,212","56,240","1,690","51,830","1,332","47,300","1,371","47,440","1,256","51,550","1,193","44,500","1,832","40,830","2,369","40,930","1,399","41,770","1,893","42,850","1,292","42,260","2,423","42,660","1,759","42,110","1,435","37,250","1,630"
Idaho,"81,650","2,834","73,910","2,417","72,580","2,657","76,920","1,837","66,730","1,988","65,990","2,152","58,730","2,405","60,210","2,400","56,560","1,261","51,620","1,260","53,440","2,572","48,470","5,484","47,920","3,173","47,460","3,488","47,050","1,869","46,780","1,264","47,420","1,681","49,180","1,291","46,210","1,312","44,180","1,254","44,360","1,387","42,370",982,"37,720","1,121","38,240",966,"37,610","1,192","35,800","1,413","36,680","1,090","33,400","1,339","34,710","1,341","32,680","1,116","31,540","1,278","31,010","1,323","27,700",874,"26,120","1,029"
Illinois,"84,210","4,235","87,820","3,527","78,020","2,365","79,250","1,771","74,330","2,227","74,400","2,625","70,150","2,253","64,610","1,999","61,390","1,761","60,410","1,999","54,920","1,625","53,940","3,287","51,740","1,328","50,640","1,374","50,730","1,474","52,870",941,"53,250","1,325","52,510",950,"48,670","1,167","48,400",986,"46,080",823,"45,150","1,072","42,710",856,"46,170",879,"46,060",966,"46,330","1,028","43,180","1,234","41,280",782,"39,550","1,107","38,070",875,"35,080",799,"32,860",810,"31,550",752,"31,880",714
Indiana,"76,710","3,868","76,910","3,445","70,030","2,717","70,190","2,519","66,810","4,176","66,690","3,112","59,890","1,997","58,870","2,026","56,090","2,877","51,980","1,682","48,060","1,943","49,460","4,508","46,160","1,787","44,450","2,309","46,140","2,573","44,310","1,085","46,520","1,185","47,450","1,255","45,410","1,236","42,440","1,100","42,330","1,151","42,430",959,"41,050",748,"40,380",948,"40,870",679,"40,840","1,719","39,730","1,589","38,890","1,183","35,150","1,298","33,390","1,444","27,860","1,032","29,480","1,361","28,530","1,315","27,090",922
Iowa,"85,480","4,021","80,860","4,593","76,320","3,355","72,430","3,508","68,820","3,347","66,050","4,009","68,720","2,910","63,480","5,512","59,090","2,484","60,860","3,275","57,810","3,425","60,160","6,134","53,440","2,138","50,220","1,974","49,020","1,342","50,720","1,535","50,140","1,293","48,910","1,451","48,130","1,491","46,500","1,339","43,390","1,521","41,380",884,"41,050","1,152","40,980","1,133","40,990",811,"41,100","1,130","37,020","1,202","33,780","1,282","33,210","1,527","35,520",942,"33,080","1,280","28,660","1,240","28,740",972,"28,550","1,012"
Kansas,"87,690","4,442","84,830","5,520","73,040","3,440","75,980","4,213","73,080","3,632","73,150","4,329","63,940","2,027","57,870","2,898","56,810","3,268","54,870","3,731","53,440","2,863","47,820","4,496","50,000","1,812","46,150","1,950","46,050","1,816","44,720","1,788","47,880","1,410","48,500","1,805","45,550","1,252","42,030",985,"41,070","1,749","44,230","1,326","42,620","1,047","41,420","1,115","41,060","1,168","37,350","2,078","36,710","1,617","36,470","1,614","32,590","1,460","30,340",921,"28,320","1,064","29,770","1,144","30,350","1,137","29,300",934
Kentucky,"64,790","3,222","61,980","3,789","55,870","4,060","55,630","3,025","56,760","2,353","55,660","2,553","54,560","3,668","51,350","1,364","45,370","2,005","42,390","2,269","42,790","1,580","44,880","3,924","41,090","1,900","39,860","1,847","41,100","2,823","42,660","1,313","41,150",812,"39,450","1,211","39,490","1,051","36,700",898,"35,610","1,218","36,940",857,"36,760",874,"38,440","1,009","36,270",848,"33,740","1,484","36,250","1,511","33,450","1,659","32,410","1,439","29,810","1,149","26,600","1,028","24,380","1,091","23,490","1,259","23,760","1,046"
Louisiana,"60,740","1,634","57,650","2,368","58,320","2,024","57,210","2,879","51,190","1,602","51,710","1,412","49,970","1,754","43,900","1,453","42,200","1,197","45,920","2,140","42,410","1,862","46,430","2,543","39,090","1,611","40,660","1,929","39,300","3,248","45,430","1,813","39,560","1,486","41,310",937,"36,490","1,425","37,240","1,297","36,430","1,243","33,510","1,103","34,010","1,258","33,320","1,195","30,720",828,"32,650","1,244","31,740","1,660","33,260","1,551","30,260","1,290","27,950","1,090","25,680","1,501","26,310","1,164","25,440","1,142","25,300","1,156"
Maine,"90,730","4,232","75,740","4,165","75,160","3,545","71,140","3,092","63,690","3,437","66,550","5,002","58,660","5,683","51,660","2,146","50,860","3,346","50,760","1,929","51,710","2,171","54,960","3,863","49,160","2,247","49,690","1,983","47,930","1,687","47,500","1,739","47,230","1,436","47,890","1,398","45,640","1,797","43,920","1,433","41,330","1,223","37,110",945,"36,850",846,"36,610",952,"37,270",853,"38,860","1,319","35,640","1,049","32,770","1,301","34,700","1,211","33,860","1,088","30,320","1,537","27,440","1,203","29,620","1,026","27,870","1,253"
Maryland,"109,700","4,688","102,000","5,939","108,200","5,355","97,330","4,492","94,790","4,236","95,570","3,284","86,220","3,331","81,080","3,652","73,760","2,591","73,590","2,692","76,170","4,272","69,350","2,970","71,840","1,851","68,880","2,125","64,200","2,297","64,190","1,674","63,710","1,769","65,630","1,661","63,670","1,601","60,510","1,477","57,100","1,692","52,310","1,223","56,410","1,532","53,530","1,652","54,540","1,400","52,210","2,217","50,020","2,161","46,690","1,476","43,990","2,565","41,040","1,627","39,200","1,400","39,940","1,282","37,200","1,626","36,950","1,417"
Massachusetts,"113,900","5,829","106,500","3,118","93,550","3,280","86,570","4,099","87,810","6,327","87,710","2,828","86,350","2,785","73,230","3,328","72,270","2,911","67,860","2,790","63,150","2,662","62,530","5,303","63,660","3,773","63,310","3,226","60,930","2,193","59,370","1,749","60,320","1,674","58,460","2,231","55,330","2,079","56,020","1,754","52,020","1,667","50,960",953,"49,860","1,153","52,250","1,518","46,750","1,357","44,010","2,023","42,350","1,961","42,020","1,383","39,490","1,932","38,570","1,475","40,500","1,060","37,060",949,"36,360",738,"35,710",790
Michigan,"79,460","2,688","76,960","2,965","68,990","2,794","64,490","3,819","64,390","3,191","64,120","1,680","60,450","1,906","57,700","2,337","57,090","1,908","54,200","2,005","52,010","1,199","56,570","1,587","50,020","1,515","48,880","1,844","46,280","1,737","45,990","1,003","49,790","1,154","49,370",798,"48,650",966,"45,930",915,"42,260",858,"45,020",950,"42,720","1,115","45,050",868,"45,510","1,095","46,090","1,026","41,820",917,"38,740","1,108","39,230","1,143","36,430",994,"35,280",685,"32,660",682,"32,270",761,"32,120",689
Minnesota,"92,350","2,000","90,340","3,160","90,390","4,307","80,440","5,050","78,750","3,393","81,430","2,988","71,820","3,656","71,920","2,991","70,220","4,045","68,730","3,063","67,240","3,207","64,320","3,992","61,800","1,339","57,820","2,380","52,320","1,606","56,090","1,237","54,930","1,427","58,060","1,888","56,210","1,218","54,220","1,244","56,100","1,070","52,820","1,228","54,620","1,196","52,680","1,134","54,250","1,703","47,040","1,527","47,930","2,115","42,560","1,510","40,990","1,225","37,930","1,848","33,640","1,360","33,680","1,212","30,980","1,297","29,480","1,146"
Mississippi,"55,980","1,216","55,060","2,393","48,610","2,427","46,640","1,805","45,130","2,623","44,790","2,997","42,780","2,304","43,440","2,204","41,100","1,226","40,040","1,071","35,520","1,294","32,340","2,730","36,640","1,546","41,090","2,366","38,160","2,830","35,080","1,304","36,450",830,"37,280",951,"34,730","1,583","32,880","1,292","34,760","1,132","32,730","1,113","30,880",766,"30,160","1,186","34,300","1,354","32,480","1,408","29,120","1,158","28,500","1,386","26,680","1,316","26,540","1,028","25,400",752,"22,190","1,229","20,570","1,074","19,480","1,053"
Missouri,"78,390","3,365","78,290","3,669","71,520","4,037","63,590","2,710","62,180","2,715","60,600","2,932","61,730","2,442","56,890","2,611","55,020","1,719","59,200","2,607","56,630","3,030","46,300","4,134","49,760","2,042","45,770","2,157","45,820","2,157","48,770","1,595","46,040","1,146","46,010","1,104","44,580","1,402","42,990",989,"42,140","1,073","43,760",875,"42,780","1,074","41,340","1,204","45,100","1,187","41,380","1,191","40,200","1,868","36,550","2,060","34,270","1,513","34,830","1,373","30,190","1,442","28,680","1,466","27,360","1,451","27,930","1,415"
Montana,"81,920","4,356","79,220","4,070","72,970","2,878","65,000","5,000","56,740","2,497","60,190","2,294","57,680","2,876","59,090","2,589","57,080","2,880","51,400","2,937","51,100","1,778","43,200","5,946","45,090","2,565","40,280","2,036","41,280","1,847","40,440","1,002","42,900","1,764","43,660","1,699","41,110",697,"37,310","1,161","33,960",709,"34,110","1,067","34,840","1,212","32,130",737,"32,780","1,001","31,040",966,"31,580","1,133","29,210","1,145","28,680","1,566","27,760","1,105","27,630","1,246","26,470",965,"26,530",728,"24,830",890
Nebraska,"86,140","3,626","89,190","4,239","78,360","3,148","78,110","3,963","72,250","2,453","73,070","3,259","67,580","3,933","59,620","2,848","59,370","2,678","60,470","2,937","56,870","2,254","57,620","4,217","52,200","2,699","55,620","2,693","52,500","1,761","49,600","1,657","50,730","1,254","49,170","1,379","48,150","1,490","47,920","1,447","43,790","1,332","43,970","1,306","42,800","1,038","43,610","1,116","41,750","1,018","38,630","1,366","36,410","1,549","34,690","1,528","34,010","1,500","32,930","1,155","31,790","1,116","31,010",833,"30,050","1,071","29,550","1,007"
Nevada,"80,590","3,805","81,310","3,631","72,330","3,554","64,340","3,500","61,160","2,427","70,910","3,465","61,860","2,116","56,550","3,039","55,430","2,137","52,010","2,272","49,880","1,836","51,850","3,178","47,330","2,533","47,040","2,669","51,200","1,922","51,430","1,097","54,740","2,658","54,060","1,294","52,280","1,252","48,210","1,680","47,200","1,382","45,180","1,554","44,960","1,161","45,400","1,130","45,760","1,011","41,460","1,764","39,760","1,225","38,850","1,576","38,540","1,615","36,080","1,314","35,870","1,534","35,810","1,078","31,910",796,"32,940","1,564"
New Hampshire,"111,800","6,708","98,780","4,779","84,970","5,553","88,840","4,818","88,890","3,481","86,900","2,721","81,350","3,394","74,800","3,041","76,260","2,913","75,680","3,519","73,400","3,253","69,100","3,967","67,820","2,224","65,880","1,652","66,630","1,651","64,130","1,856","66,180","3,204","67,580","1,846","61,970","1,479","56,980","2,026","56,820","1,324","55,570","1,304","55,320","1,289","51,330",719,"50,930","1,243","46,060","1,952","44,960","1,866","41,000","1,604","39,410","1,734","39,170","1,556","35,250","1,837","37,960","1,620","39,440","1,922","36,030","1,339"
New Jersey,"103,500","3,156","91,590","4,838","92,340","3,453","88,560","4,751","85,550","4,056","87,730","4,069","74,180","2,845","73,000","2,999","68,470","2,867","68,360","3,132","65,240","2,693","63,750","4,464","66,690","1,960","62,340","3,028","62,970","2,443","64,780","1,919","65,310","2,297","60,510","1,458","68,060","1,979","63,370","2,257","55,280","1,283","56,050","1,023","54,570","1,605","51,770",933,"50,410",991,"49,730","1,405","49,830","1,436","48,020","1,424","47,470","1,217","43,920","1,400","42,280","1,064","40,500",986,"39,000",841,"40,050","1,033"
New Mexico,"64,140","3,208","60,980","2,663","56,420","2,348","53,460","3,142","50,910","1,719","53,110","2,196","48,280","2,202","47,860","1,969","48,450","2,961","45,120","2,885","46,690","3,312","40,170","4,408","43,420","2,267","41,980","2,154","45,130","3,016","43,540","1,494","42,100","1,381","44,360","1,474","40,030","1,257","38,950","1,700","39,560","1,584","35,110","1,142","35,460","1,061","33,120","1,238","35,090","1,248","32,570","1,746","31,540","1,398","30,090","1,157","25,090","1,091","25,990","1,100","26,910","1,382","26,760",853,"25,860","1,347","26,540","1,195"
New York,"86,830","3,405","81,600","1,979","75,910","2,009","72,920","2,771","68,660","2,397","71,850","1,699","67,270","1,722","62,450","2,093","61,440","1,405","58,010","2,205","54,310","1,781","49,970","2,267","47,680","1,585","50,640","1,006","49,780","1,320","50,220",599,"50,460",682,"48,940",918,"48,220",989,"47,180",827,"44,650",792,"42,790",872,"41,970",580,"42,110",600,"40,740",581,"39,990",879,"37,390",777,"35,800",634,"35,410",746,"33,030",716,"31,900",477,"31,700",556,"31,050",529,"31,790",538
North Carolina,"67,220","2,992","68,610","3,286","65,070","2,996","62,890","2,101","60,430","1,648","61,160","1,649","53,370","1,761","50,340","1,760","53,760","1,629","50,800","1,343","46,780","1,710","46,340","2,974","41,550","1,294","45,210","1,560","43,830","1,923","41,910",576,"42,930",846,"43,510","1,072","39,800",815,"42,060",964,"40,240",812,"37,280",941,"36,520",716,"38,160",951,"38,320",806,"37,250",960,"35,840","1,022","35,840",917,"35,600","1,008","31,980",888,"30,110",670,"28,820",653,"27,770",616,"26,850",510
North Dakota,"88,080","4,636","76,960","4,466","78,720","4,371","68,880","2,731","64,120","2,341","70,030","3,170","66,510","3,095","59,890","1,676","60,180","2,290","57,420","3,233","60,730","3,138","59,150","3,451","55,770","2,123","56,360","2,960","51,010","2,311","50,080","1,738","49,630","1,188","47,210","1,280","41,050","1,405","42,190","1,221","39,220","1,251","40,410",852,"36,200",824,"35,790",804,"36,000","1,065","32,660","1,383","30,300","1,179","31,660","1,361","31,470","1,184","29,090","1,217","28,280","1,115","28,120",835,"26,960",901,"25,890",932
Ohio,"80,520","3,638","73,770","2,968","67,520","2,214","62,690","2,930","60,380","1,542","64,660","3,011","61,630","2,254","59,770","1,890","53,990","1,894","53,300","1,957","49,640","1,393","50,750","2,448","44,380","1,723","44,650","1,200","45,890","1,493","45,880",626,"46,930",848,"49,100","1,085","45,900",633,"44,200","1,046","43,060",977,"43,520",930,"42,680",777,"41,790",661,"42,960",732,"39,490",989,"38,930","1,576","36,130",894,"34,070","1,063","34,940",988,"31,860",584,"31,290",658,"31,400",587,"29,790",759
Oklahoma,"65,310","2,566","67,330","2,374","63,440","3,371","60,100","3,913","52,470","1,911","59,400","2,357","54,430","2,774","55,010","3,102","50,940","1,652","47,080","1,937","47,200","2,775","46,160","3,442","48,410","2,821","48,460","2,395","43,100","2,073","45,880","1,139","46,110",931,"43,220","1,453","38,840","1,597","37,650","1,449","39,610","1,122","35,900",781,"36,460",613,"35,610",690,"32,430",709,"32,680","1,491","33,730","1,232","31,350","1,025","27,440","1,089","26,310",880,"26,990","1,213","26,260","1,492","25,280","1,075","25,460","1,079"
Oregon,"89,700","3,925","88,740","3,778","86,780","3,431","81,850","3,071","76,850","3,583","74,410","5,675","69,170","3,655","64,610","2,856","59,140","2,622","60,830","2,374","58,880","2,998","49,000","2,887","51,780","2,330","51,530","1,607","50,600","1,505","49,100","1,644","51,730","1,374","50,240","1,357","47,090","1,396","44,160","1,391","40,990","1,051","41,640",965,"41,800",855,"41,270",752,"42,500",936,"40,620","1,252","39,070","1,927","37,250","1,788","35,490","1,274","36,370",970,"31,460","1,128","33,140","1,160","31,930","2,039","30,190","1,087"
Pennsylvania,"80,060","2,465","79,820","3,597","72,210","2,594","72,630","2,054","70,790","3,413","70,580","3,226","64,520","1,635","63,170","2,753","60,980","2,036","60,390","2,227","55,170","2,266","55,160","2,936","51,900","1,405","49,910","1,694","48,310","1,508","48,170",937,"51,400",589,"48,440",932,"48,480",869,"46,300",745,"44,110","1,039","42,930",778,"42,500",795,"43,500",723,"42,180",704,"37,760","1,141","39,020","1,080","37,520",964,"34,900",974,"34,520",683,"32,070",654,"31,000",694,"29,880",667,"30,370",614
Rhode Island,"92,290","3,960","81,860","4,838","80,650","4,121","74,980","4,221","80,170","3,382","70,150","4,980","62,270","3,348","66,390","4,209","61,530","2,828","55,700","3,247","58,630","4,001","56,320","3,852","56,070","2,561","49,030","2,283","51,620","1,730","51,630","1,446","53,240","2,399","54,210","1,849","53,740","1,823","49,480","1,456","47,940","1,972","44,710","1,249","42,420",875,"45,720","1,147","42,200","1,018","42,720","1,980","40,690","2,657","34,800","2,235","36,990","1,036","35,360","1,373","31,930","1,321","33,510","1,547","30,430","1,433","30,840","1,091"
South Carolina,"76,780","2,833","69,100","2,154","61,770","2,601","62,540","2,161","60,340","1,981","62,030","1,783","57,440","2,082","54,970","2,078","54,340","3,153","46,360","2,266","44,930","2,244","43,560","2,388","44,400","2,157","40,080","1,702","41,700","1,460","41,100","1,113","42,160","1,121","44,210","1,553","39,620","1,347","40,230","1,204","38,690","1,021","38,480","1,121","37,810","1,224","37,740","1,023","37,570",937,"36,460","1,728","33,270","1,310","34,260","1,609","34,670","1,405","29,070","1,400","29,850","1,139","26,050",960,"27,580","1,434","27,460","1,137"
South Dakota,"79,850","3,297","81,740","4,466","67,180","3,398","73,890","2,655","70,190","4,333","64,260","3,776","59,460","2,642","56,890","3,633","57,450","3,075","55,070","2,604","53,050","3,542","53,410","2,917","49,420","1,705","47,220","2,147","45,350","2,045","45,830","1,289","51,600",995,"46,420",900,"45,430","1,641","43,150","1,369","41,110",995,"39,520","1,004","37,870",953,"39,670",856,"36,480",687,"35,830",944,"32,790","1,013","29,690","1,145","29,530","1,003","29,580","1,610","29,730","1,185","27,740","1,040","26,260",669,"24,640",780
Tennessee,"75,860","3,052","72,700","2,948","65,380","2,564","62,170","2,640","54,970","1,804","56,630","2,766","56,060","1,442","55,240","2,162","51,340","1,387","47,330","1,708","43,720","2,326","43,360","3,435","43,000","2,407","42,280","2,556","38,590","1,257","40,520",988,"39,700","1,211","41,200","1,116","40,690",755,"39,410","1,191","38,070","1,057","37,520","1,181","37,030","1,111","35,780",791,"34,100",930,"36,520","1,310","34,090","1,307","30,640","1,358","30,790","1,087","29,020","1,268","28,640","1,028","25,100",831,"24,320",913,"24,450",915
Texas,"81,490","1,240","79,060","2,084","74,640","1,832","67,400","1,525","68,400","1,938","67,440","1,769","59,790","1,372","59,300","1,702","58,150","1,407","56,470","1,289","53,880","1,344","51,410","1,360","51,930",950,"49,050","1,153","47,270","1,159","47,480",743,"46,490",674,"46,050",700,"43,310",828,"41,420",420,"41,400",549,"39,270",762,"40,150",563,"40,860",512,"38,610",785,"38,690","1,020","35,780",662,"35,080",880,"33,070",763,"32,040",634,"30,760",655,"28,730",613,"27,950",634,"27,730",626
Utah,"104,000","5,025","101,200","4,985","95,800","4,030","87,650","4,238","83,990","2,880","84,520","3,494","77,070","2,327","71,320","2,250","67,480","2,237","66,260","2,462","63,380","3,231","61,050","1,553","58,340","2,944","55,490","1,659","56,700","1,962","58,490","1,588","62,540","1,526","53,530","1,218","54,630","1,671","54,810","1,303","50,870",927,"49,280",902,"47,860","1,146","47,340","1,601","47,550","1,041","46,050","1,615","44,300","1,375","42,780","1,785","37,040","1,330","36,480",919,"35,720","1,041","35,790","1,242","34,250","1,145","28,020","1,359"
Vermont,"85,260","4,597","85,190","4,567","72,190","4,163","76,080","3,471","67,260","4,095","74,310","3,084","70,070","2,350","63,810","3,133","60,840","1,364","59,490","2,622","60,710","3,098","65,510","4,013","55,580","3,030","51,860","2,007","55,930","2,247","52,320","1,438","50,710",982,"47,390","1,398","51,980","1,266","50,700","1,309","47,330","1,270","43,260",977,"43,000",830,"40,790",944,"39,590",921,"41,580","1,407","39,370","1,591","35,050","1,727","32,360","1,250","33,820","1,242","35,800","1,906","31,070",956,"32,760","1,333","29,160","1,222"
Virginia,"97,720","3,944","96,490","4,469","85,170","4,082","80,270","2,953","82,210","3,115","81,310","3,056","77,150","3,086","71,290","3,276","66,450","2,436","61,490","2,439","66,160","2,946","65,910","2,740","64,630","2,166","62,620","1,773","60,370","1,965","60,500","1,193","61,990","1,447","59,160","1,365","57,120","1,592","51,910","1,185","51,140","1,116","54,780","1,563","49,630","1,290","50,240","1,148","47,160","1,065","45,690","1,770","43,350","2,195","42,960","1,897","39,210","1,459","36,220","1,391","37,650","1,531","36,430","1,387","38,200","1,359","36,140","1,336"
Washington,"97,500","5,304","93,440","3,434","89,430","2,633","87,650","3,307","81,360","3,097","82,450","2,920","79,730","3,025","75,420","3,307","70,310","2,092","67,240","3,253","59,070","2,195","63,920","3,386","62,190","2,249","56,850","1,983","56,160","2,060","60,390","1,199","56,630","2,021","58,080","1,736","54,720","1,244","50,650","1,045","49,920","1,068","47,510","1,395","45,180",964,"42,490","1,264","42,530","1,211","45,470","2,080","47,420","1,379","44,560","1,715","36,680","1,608","35,570","1,252","33,530","1,190","35,660","1,111","33,900","1,247","33,970","1,185"
West Virginia,"63,150","1,673","60,410","1,917","52,460","2,383","46,840","2,247","51,970","2,178","53,710","2,995","50,570","1,337","45,390","1,485","44,350","1,994","42,820","3,132","39,550","2,195","43,070","3,454","43,550","2,774","41,820","1,766","42,780","2,518","40,490",913,"37,990","1,404","42,090",989,"38,420","1,214","36,450","1,076","33,370","1,173","32,760",993,"29,360",699,"29,670",674,"29,410",645,"29,300","1,149","26,700",780,"27,490","1,315","25,250","1,301","24,880",870,"23,560","1,217","22,420",981,"20,270",892,"23,150",918
Wisconsin,"82,560","3,298","79,690","3,750","73,330","2,567","69,940","3,133","67,410","4,826","67,350","2,323","62,630","2,039","63,450","3,673","59,820","1,845","55,430","1,487","58,080","2,154","51,730","2,629","53,080","1,709","52,060","2,067","50,350","1,435","51,240",806,"51,200",852,"51,280","1,040","51,690","1,146","44,650","1,178","45,730","1,337","46,270",978,"45,900",946,"45,350","1,123","45,090",952,"45,670","1,878","41,330","1,271","39,600","1,150","40,000","1,780","40,960","1,318","35,390","1,272","31,770","1,340","33,310","1,097","31,130","1,018"
Wyoming,"78,680","2,568","77,200","4,350","73,090","2,300","71,050","3,919","65,450","2,206","65,130","3,773","62,540","3,892","57,840","3,134","57,830","3,122","60,930","2,024","55,690","2,019","67,440","3,988","57,510","2,820","54,510","2,277","52,200","2,181","52,470","2,131","53,340","1,577","48,740","1,363","47,040","1,503","44,720","1,508","45,400","1,146","42,560","1,000","39,760",976,"39,720","1,166","39,630","1,056","37,250","1,285","35,250","1,316","33,420","1,441","30,950",858,"31,530","1,136","33,140","1,848","29,440","1,167","30,210","1,420","29,050","1,382"
2024 Dollars,,,,,,,,,,,,,,,,,,,,,,,,,,,,,,,,,,,,,,,,,,,,,,,,,,,,,,,,,,,,,,,,,,,,
State,2024,,2023,,2022,,2021,,2020 (41),,2019,,2018,,2017,,2016,,2015,,2014,,2013 (39),,2012,,2011,,2010 (37),,2009 (36),,2008,,2007,,2006,,2005,,2004 (revised),,2003,,2002,,2001,,2000 (30),,1999 (29),,1998,,1997,,1996,,1995 (25),,1994 (24),,1993 (23),,1992 (22),,1991,
,Median income,Standard error,Median income,Standard error,Median income,Standard error,Median income,Standard error,Median income,Standard error,Median income,Standard error,Median income,Standard error,Median income,Standard error,Median income,Standard error,Median income,Standard error,Median income,Standard error,Median income,Standard error,Median income,Standard error,Median income,Standard error,Median income,Standard error,Median income,Standard error,Median income,Standard error,Median income,Standard error,Median income,Standard error,Median income,Standard error,Median income,Standard error,Median income,Standard error,Median income,Standard error,Median income,Standard error,Median income,Standard error,Median income,Standard error,Median income,Standard error,Median income,Standard error,Median income,Standard error,Median income,Standard error,Median income,Standard error,Median income,Standard error,Median income,Standard error,Median income,Standard error
United States,"83,730",638,"82,690",395,"79,500",627,"81,270",422,"81,580",642,"83,260",666,"77,700",517,"77,000",420,"75,380",557,"72,790",413,"69,060",505,"69,950",854,"67,400",276,"67,410",338,"68,420",451,"70,070",300,"70,520",192,"73,010",203,"71,850",309,"71,060",238,"69,970",309,"70,080",304,"70,040",230,"70,610",216,"71,790",226,"71,980",336,"70,200",415,"67,720",313,"66,340",335,"65,380",378,"63,370",289,"62,700",293,"63,010",298,"63,530",304
Alabama,"65,560","5,862","62,230","4,097","63,870","2,062","65,360","2,634","65,600","3,074","68,110","3,045","61,420","2,980","64,130","1,060","60,290","2,938","57,330","4,404","54,420","1,968","61,770","7,194","57,430","3,341","57,360","2,722","56,840","3,327","56,280","1,272","62,350","2,326","61,350","2,064","56,570","1,511","56,980","1,864","57,810","2,056","60,270","2,556","62,100","1,754","58,790","1,682","60,570","1,833","64,120","2,103","65,470","2,360","58,450","2,941","56,640","2,352","49,870","2,429","53,410","3,062","50,340","2,184","53,080","2,176","51,340","2,252"
Alaska,"91,260","5,591","100,700","6,270","95,670","5,161","93,150","4,554","89,650","4,267","95,010","8,102","84,540","4,169","90,630","3,411","96,680","5,217","96,750","4,489","87,040","4,058","94,600","7,109","84,090","3,751","77,340","4,996","80,320","3,319","86,710","2,465","89,710","3,227","91,550","2,301","84,100","2,228","85,730","2,042","86,900","3,269","83,860","1,587","87,160","1,772","95,920","3,364","90,360","1,982","90,910","3,937","91,520","3,835","87,830","2,302","98,660","3,565","92,000","3,853","89,100","2,934","86,160","3,297","85,970","2,377","85,640","3,842"
Arizona,"84,700","3,245","84,800","2,793","78,300","4,395","81,310","3,897","80,470","4,089","85,650","4,110","76,600","2,818","76,690","3,315","72,900","2,516","67,300","2,586","63,390","2,965","68,680","5,698","62,160","3,861","65,480","3,264","65,120","3,092","64,380","1,747","65,770","1,577","68,620","2,260","69,550","1,857","69,400","1,950","69,200","1,804","66,600","2,301","65,620","1,656","71,410","2,409","68,020","2,069","65,440","2,004","66,960","2,266","59,910","2,374","59,140","2,381","59,210","2,609","61,460","1,518","61,230","2,248","60,380","2,238","64,820","1,892"
Arkansas,"64,840","1,921","64,880","2,515","57,540","2,532","58,310","1,654","60,900","2,204","66,100","2,889","61,230","2,593","61,260","3,315","58,610","2,764","55,130","2,025","57,820","3,277","51,400","3,136","51,550","3,715","55,620","2,490","53,580","3,421","51,430","1,279","55,500","1,674","59,290","1,959","55,240","1,143","56,230","2,008","55,210","1,569","51,770","1,255","53,490","1,285","55,750","1,913","50,780","1,320","52,500","1,815","49,950","2,094","47,880","2,112","50,700","1,828","49,530","1,917","50,210","1,854","46,240","1,700","49,120","2,875","49,420","1,651"
California,"100,600","1,694","92,200","1,888","90,930","2,089","93,660","1,400","93,140","1,723","94,660","2,242","86,690","1,516","87,520","1,822","85,080","1,372","81,970","2,204","77,850","1,151","79,360","2,364","75,340","1,636","71,870","1,856","75,370","1,641","79,010",871,"79,930","1,162","81,000",898,"82,460","1,036","79,380",706,"77,690","1,042","79,760","1,325","78,340","1,265","79,030","1,216","80,050","1,173","77,170","1,243","73,900","1,042","72,640","1,581","72,550","1,529","71,010","1,387","69,390","1,216","68,380","1,306","71,780","1,294","70,990","1,445"
Colorado,"106,500","8,547","99,140","6,355","95,870","4,040","97,540","3,622","100,500","7,219","87,870","6,328","89,820","4,381","93,060","3,741","90,090","5,266","85,780","4,743","78,430","3,107","88,650","5,390","75,650","3,578","78,960","3,438","83,640","3,445","78,730","2,245","85,440","2,661","88,860","1,474","83,020","2,272","77,380","1,974","80,310","2,509","80,790","1,873","79,760","2,418","82,600","1,990","82,480","2,115","85,210","2,623","84,130","1,961","79,120","3,558","76,550","2,484","78,100","2,978","74,300","2,840","69,210","3,149","66,810","3,025","66,430","2,625"
Connecticut,"99,240","4,631","94,620","6,135","96,720","4,526","92,950","6,040","95,280","4,320","105,800","5,612","89,550","6,296","91,320","4,403","96,930","4,346","93,880","5,730","90,300","3,430","90,450","4,227","84,880","3,769","88,100","4,059","91,640","2,909","91,280","3,249","90,680","3,787","93,220","2,978","93,020","3,223","87,180","2,505","86,960","2,601","88,920","2,525","88,170","2,263","89,200","2,073","85,780","2,320","89,490","4,061","83,960","4,925","80,490","3,640","78,730","5,770","77,210","4,353","80,710","3,133","79,300","3,331","83,990","4,056","88,900","4,100"
Delaware,"85,860","3,258","88,570","3,967","86,090","4,435","78,860","3,352","83,990","6,336","89,920","3,647","79,960","4,426","78,190","4,140","74,110","3,820","74,390","4,369","74,040","3,823","70,610","5,678","64,700","2,611","73,610","2,350","76,670","3,131","73,350","2,507","71,080","1,946","79,340","3,138","78,160","2,579","78,590","1,650","75,830","2,243","79,300","2,229","82,000","2,783","82,940","2,455","86,110","2,578","82,470","4,035","74,850","3,165","78,750","3,773","73,480","2,621","67,010","3,546","70,450","2,339","72,380","1,704","73,380","2,865","68,720","2,343"
District of Columbia,"104,800","5,094","113,900","5,031","108,400","3,319","104,100","4,313","105,800","4,211","112,800","4,707","105,500","3,270","104,600","4,164","90,620","3,491","90,250","3,685","87,880","5,666","78,400","7,217","86,200","4,850","74,410","2,840","79,050","4,628","74,800","2,939","77,930","2,472","73,800","1,594","72,260","2,503","69,010","3,324","68,580","2,942","72,870","2,294","64,520","1,643","68,840","1,711","70,480","1,833","68,400","2,828","60,360","2,367","58,300","1,801","59,750","2,950","58,990","2,268","59,150","2,174","54,800","3,464","62,210","2,312","63,020","4,013"
Florida,"75,630","1,788","74,070","1,577","69,680","2,079","68,580","1,733","69,280","2,176","70,740","1,913","67,210","2,321","67,350","2,278","65,340","1,066","62,890","1,797","59,390","1,223","63,350","3,675","60,870","1,467","60,740","1,533","61,190","2,144","64,230",994,"62,890","1,203","66,550",828,"68,080",938,"65,940","1,242","63,980",997,"63,050","1,228","62,800","1,367","60,900",697,"66,440","1,270","63,380","1,109","63,020","1,385","59,390","1,067","57,280",959,"57,070","1,174","57,530","1,241","57,300","1,419","56,250","1,082","57,470","1,002"
Georgia,"81,210","2,132","74,290","3,301","72,200","3,178","70,610","2,602","71,090","2,474","68,630","2,159","68,650","2,499","71,540","3,054","68,340","2,144","65,390","1,805","63,780","2,586","61,340","5,530","63,580","1,987","61,910","3,344","61,260","2,530","61,000","1,768","64,810","1,632","70,690","1,567","73,550","1,804","70,440","1,285","64,680",975,"68,660","1,584","70,910","1,828","71,190","1,794","71,640","1,421","69,730","2,397","69,810","2,129","67,090","1,676","60,740","3,114","65,420","1,721","61,800","2,431","63,540","2,517","59,220","2,526","57,390","2,294"
Hawaii,"98,240","4,347","99,880","5,056","97,010","3,957","94,370","4,351","96,950","2,911","106,700","4,321","98,520","4,283","92,310","2,794","92,090","3,205","83,100","3,658","91,670","3,444","83,850","5,115","74,340","2,979","79,520","3,409","82,670","3,792","78,330","2,848","86,250","2,076","93,050","3,088","90,140","2,342","91,400","1,859","88,770","2,667","83,860","2,155","78,120","2,264","79,320","2,100","88,130","2,040","78,720","3,240","73,710","4,277","74,910","2,560","78,080","3,538","82,210","2,479","82,990","4,759","85,620","3,530","86,610","2,951","78,550","3,437"
Idaho,"81,650","2,834","75,820","2,480","77,370","2,833","88,310","2,110","80,030","2,385","79,970","2,608","72,230","2,958","75,540","3,011","72,220","1,610","66,490","1,623","68,780","3,310","63,270","7,159","63,320","4,192","63,910","4,697","65,330","2,595","65,840","1,779","66,480","2,357","71,480","1,876","68,890","1,956","67,760","1,923","70,010","2,189","68,550","1,589","62,290","1,851","63,940","1,615","64,310","2,038","63,320","2,499","66,220","1,968","61,130","2,450","64,880","2,507","62,690","2,141","61,940","2,510","62,230","2,655","56,980","1,797","55,070","2,170"
Illinois,"84,210","4,235","90,090","3,618","83,170","2,521","90,990","2,033","89,160","2,671","90,170","3,182","86,270","2,771","81,060","2,508","78,370","2,248","77,810","2,575","70,680","2,092","70,410","4,291","68,360","1,755","68,190","1,850","70,440","2,047","74,420","1,325","74,660","1,858","76,310","1,381","72,550","1,740","74,240","1,512","72,720","1,299","73,050","1,734","70,540","1,414","77,200","1,470","78,760","1,652","81,950","1,818","77,950","2,228","75,550","1,431","73,940","2,069","73,040","1,679","68,900","1,569","65,940","1,626","64,890","1,547","67,240","1,506"
Indiana,"76,710","3,868","78,900","3,534","74,650","2,896","80,590","2,892","80,130","5,009","80,830","3,772","73,660","2,456","73,870","2,542","71,620","3,673","66,960","2,166","61,860","2,501","64,560","5,885","60,980","2,361","59,850","3,110","64,070","3,573","62,360","1,527","65,220","1,661","68,970","1,824","67,680","1,842","65,090","1,687","66,810","1,817","68,640","1,551","67,790","1,235","67,520","1,585","69,870","1,161","72,230","3,041","71,730","2,869","71,170","2,165","65,700","2,426","64,050","2,770","54,710","2,027","59,150","2,731","58,670","2,704","57,130","1,944"
Iowa,"85,480","4,021","82,950","4,712","81,360","3,576","83,160","4,028","82,540","4,014","80,050","4,859","84,520","3,579","79,650","6,916","75,450","3,171","78,380","4,218","74,410","4,408","78,530","8,007","70,610","2,825","67,630","2,658","68,060","1,863","71,390","2,161","70,300","1,813","71,080","2,109","71,740","2,222","71,320","2,054","68,480","2,401","66,950","1,430","67,790","1,903","68,520","1,894","70,090","1,387","72,690","1,999","66,830","2,170","61,820","2,346","62,080","2,854","68,150","1,807","64,970","2,514","57,520","2,489","59,110","1,999","60,210","2,134"
Kansas,"87,690","4,442","87,030","5,663","77,870","3,668","87,230","4,837","87,660","4,356","88,660","5,247","78,640","2,493","72,610","3,636","72,530","4,172","70,670","4,806","68,790","3,685","62,420","5,869","66,060","2,394","62,150","2,626","63,950","2,522","62,940","2,517","67,120","1,977","70,480","2,623","67,900","1,866","64,460","1,511","64,810","2,760","71,560","2,145","70,390","1,729","69,250","1,864","70,200","1,997","66,060","3,675","66,280","2,919","66,740","2,954","60,910","2,729","58,210","1,767","55,620","2,090","59,750","2,296","62,410","2,338","61,780","1,970"
Kentucky,"64,790","3,222","63,590","3,887","59,560","4,329","63,870","3,474","68,080","2,823","67,460","3,095","67,100","4,511","64,430","1,711","57,920","2,560","54,600","2,923","55,070","2,034","58,580","5,122","54,280","2,510","53,670","2,487","57,070","3,920","60,050","1,848","57,690","1,138","57,340","1,760","58,860","1,567","56,290","1,377","56,200","1,922","59,760","1,386","60,710","1,443","64,270","1,687","62,010","1,450","59,670","2,625","65,450","2,728","61,220","3,036","60,590","2,690","57,190","2,204","52,230","2,019","48,920","2,190","48,300","2,589","50,110","2,206"
Louisiana,"60,740","1,634","59,140","2,429","62,180","2,157","65,680","3,305","61,390","1,922","62,670","1,712","61,460","2,157","55,080","1,823","53,870","1,528","59,150","2,756","54,580","2,397","60,600","3,320","51,640","2,128","54,750","2,598","54,570","4,510","63,950","2,552","55,460","2,083","60,040","1,362","54,390","2,124","57,110","1,989","57,500","1,962","54,210","1,784","56,160","2,078","55,720","1,998","52,520","1,416","57,760","2,200","57,290","2,997","60,870","2,838","56,570","2,411","53,620","2,091","50,430","2,948","52,810","2,336","52,320","2,349","53,350","2,438"
Maine,"90,730","4,232","77,700","4,273","80,130","3,779","81,680","3,550","76,400","4,122","80,650","6,062","72,150","6,990","64,820","2,693","64,930","4,272","65,380","2,485","66,560","2,794","71,740","5,043","64,950","2,969","66,920","2,671","66,550","2,342","66,860","2,448","66,210","2,013","69,610","2,032","68,030","2,679","67,370","2,198","65,230","1,930","60,040","1,529","60,860","1,397","61,220","1,592","63,720","1,458","68,740","2,333","64,340","1,894","59,970","2,381","64,860","2,264","64,960","2,087","59,540","3,019","55,070","2,414","60,910","2,110","58,770","2,642"
Maryland,"109,700","4,688","104,600","6,092","115,400","5,709","111,700","5,158","113,700","5,081","115,800","3,980","106,000","4,097","101,700","4,582","94,170","3,308","94,790","3,467","98,030","5,498","90,530","3,877","94,910","2,446","92,760","2,862","89,150","3,189","90,350","2,356","89,320","2,480","95,380","2,414","94,900","2,386","92,820","2,266","90,120","2,670","84,630","1,979","93,160","2,530","89,510","2,762","93,240","2,394","92,340","3,921","90,300","3,901","85,430","2,701","82,230","4,795","78,740","3,122","76,980","2,750","80,150","2,573","76,510","3,344","77,930","2,988"
Massachusetts,"113,900","5,829","109,300","3,199","99,720","3,497","99,390","4,706","105,300","7,589","106,300","3,427","106,200","3,425","91,880","4,176","92,260","3,717","87,410","3,594","81,280","3,426","81,620","6,922","84,100","4,985","85,260","4,345","84,610","3,045","83,570","2,462","84,560","2,347","84,970","3,242","82,470","3,099","85,920","2,690","82,100","2,631","82,440","1,542","82,340","1,904","87,370","2,538","79,940","2,320","77,830","3,578","76,450","3,540","76,900","2,531","73,820","3,611","74,010","2,830","79,540","2,082","74,380","1,905","74,780","1,518","75,310","1,666"
Michigan,"79,460","2,688","78,950","3,042","73,550","2,978","74,040","4,385","77,240","3,828","77,710","2,037","74,350","2,344","72,390","2,932","72,890","2,436","69,820","2,583","66,930","1,543","73,840","2,072","66,080","2,002","65,830","2,483","64,260","2,412","64,740","1,412","69,800","1,618","71,750","1,160","72,510","1,440","70,450","1,403","66,690","1,354","72,840","1,537","70,540","1,841","75,320","1,451","77,820","1,872","81,520","1,815","75,500","1,656","70,900","2,028","73,320","2,137","69,890","1,907","69,300","1,345","65,550","1,369","66,360","1,565","67,730","1,453"
Minnesota,"92,350","2,000","92,680","3,241","96,350","4,591","92,360","5,798","94,460","4,070","98,680","3,621","88,330","4,497","90,240","3,753","89,650","5,164","88,530","3,945","86,550","4,128","83,970","5,211","81,640","1,769","77,870","3,205","72,650","2,230","78,950","1,741","77,000","2,001","84,380","2,744","83,790","1,816","83,160","1,908","88,550","1,689","85,460","1,987","90,210","1,975","88,090","1,896","92,760","2,912","83,200","2,701","86,520","3,818","77,890","2,763","76,620","2,290","72,780","3,546","66,080","2,671","67,600","2,432","63,720","2,667","62,170","2,417"
Mississippi,"55,980","1,216","56,490","2,455","51,820","2,587","53,550","2,072","54,140","3,146","54,280","3,632","52,620","2,834","54,500","2,765","52,470","1,565","51,570","1,379","45,720","1,665","42,210","3,564","48,410","2,043","55,340","3,186","52,990","3,930","49,380","1,835","51,090","1,164","54,180","1,382","51,770","2,360","50,430","1,982","54,850","1,787","52,950","1,801","51,000","1,265","50,430","1,983","58,640","2,315","57,450","2,490","52,570","2,091","52,150","2,536","49,870","2,460","50,920","1,972","49,880","1,477","44,540","2,466","42,300","2,209","41,070","2,221"
Missouri,"78,390","3,365","80,310","3,764","76,240","4,303","73,010","3,111","74,580","3,256","73,440","3,554","75,920","3,003","71,370","3,276","70,240","2,195","76,250","3,358","72,890","3,900","60,440","5,396","65,750","2,698","61,640","2,905","63,620","2,995","68,650","2,245","64,540","1,607","66,860","1,604","66,450","2,090","65,930","1,517","66,500","1,693","70,800","1,416","70,650","1,774","69,120","2,013","77,110","2,030","73,200","2,107","72,580","3,372","66,890","3,770","64,050","2,828","66,810","2,634","59,290","2,832","57,560","2,942","56,270","2,984","58,890","2,984"
Montana,"81,920","4,356","81,270","4,175","77,790","3,068","74,630","5,740","68,060","2,994","72,950","2,780","70,940","3,537","74,140","3,248","72,870","3,677","66,200","3,783","65,770","2,288","56,390","7,762","59,570","3,389","54,240","2,742","57,320","2,565","56,920","1,410","60,140","2,473","63,450","2,469","61,270","1,039","57,230","1,781","53,590","1,119","55,180","1,726","57,530","2,002","53,720","1,232","56,040","1,712","54,900","1,709","57,010","2,045","53,460","2,095","53,620","2,927","53,250","2,120","54,270","2,447","53,120","1,937","54,550","1,497","52,360","1,877"
Nebraska,"86,140","3,626","91,500","4,348","83,540","3,356","89,680","4,550","86,660","2,942","88,560","3,950","83,110","4,837","74,800","3,573","75,800","3,419","77,890","3,783","73,200","2,901","75,220","5,505","68,960","3,566","74,900","3,627","72,900","2,445","69,810","2,332","71,120","1,758","71,470","2,004","71,760","2,221","73,510","2,219","69,110","2,102","71,140","2,113","70,680","1,714","72,920","1,866","71,380","1,741","68,320","2,416","65,740","2,797","63,490","2,796","63,580","2,804","63,180","2,216","62,440","2,192","62,230","1,672","61,800","2,203","62,310","2,124"
Nevada,"80,590","3,805","83,410","3,725","77,100","3,789","73,870","4,018","73,360","2,911","85,930","4,200","76,090","2,602","70,950","3,813","70,770","2,728","66,990","2,926","64,190","2,363","67,680","4,149","62,540","3,347","63,350","3,594","71,090","2,669","72,400","1,544","76,750","3,726","78,560","1,881","77,930","1,866","73,950","2,577","74,500","2,181","73,100","2,514","74,250","1,917","75,920","1,889","78,240","1,729","73,330","3,120","71,770","2,212","71,100","2,884","72,040","3,019","69,230","2,521","70,450","3,013","71,880","2,163","65,620","1,637","69,460","3,298"
New Hampshire,"111,800","6,708","101,300","4,903","90,580","5,920","102,000","5,532","106,600","4,176","105,300","3,298","100,000","4,174","93,850","3,815","97,360","3,719","97,470","4,533","94,470","4,187","90,200","5,178","89,600","2,938","88,720","2,225","92,520","2,292","90,270","2,612","92,770","4,492","98,210","2,683","92,370","2,205","87,410","3,108","89,670","2,090","89,900","2,110","91,360","2,129","85,830","1,202","87,070","2,125","81,460","3,453","81,170","3,369","75,030","2,935","73,660","3,241","75,150","2,985","69,220","3,608","76,190","3,251","81,100","3,953","75,990","2,824"
New Jersey,"103,500","3,156","93,960","4,963","98,430","3,680","101,700","5,455","102,600","4,865","106,300","4,931","91,230","3,499","91,590","3,763","87,410","3,660","88,050","4,034","83,970","3,466","83,220","5,827","88,110","2,590","83,950","4,078","87,430","3,392","91,180","2,701","91,550","3,220","87,940","2,119","101,400","2,950","97,200","3,462","87,240","2,025","90,670","1,655","90,120","2,651","86,570","1,560","86,180","1,694","87,970","2,485","89,960","2,593","87,880","2,606","88,730","2,275","84,270","2,686","83,040","2,090","81,280","1,979","80,210","1,730","84,460","2,178"
New Mexico,"64,140","3,208","62,560","2,732","60,150","2,503","61,380","3,607","61,060","2,062","64,370","2,662","59,380","2,708","60,040","2,470","61,860","3,780","58,110","3,716","60,090","4,263","52,430","5,754","57,370","2,995","56,540","2,901","62,670","4,188","61,290","2,103","59,020","1,936","64,460","2,142","59,670","1,874","59,740","2,608","62,440","2,500","56,790","1,848","58,560","1,752","55,390","2,070","60,000","2,134","57,620","3,088","56,950","2,524","55,060","2,117","46,890","2,039","49,870","2,110","52,840","2,714","53,700","1,712","53,180","2,770","55,970","2,520"
New York,"86,830","3,405","83,710","2,030","80,920","2,142","83,720","3,181","82,350","2,875","87,080","2,060","82,740","2,118","78,350","2,626","78,440","1,794","74,710","2,840","69,900","2,292","65,230","2,959","63,000","2,094","68,190","1,355","69,120","1,833","70,680",843,"70,740",956,"71,130","1,334","71,880","1,474","72,360","1,269","70,470","1,250","69,220","1,411","69,310",958,"70,420","1,003","69,660",993,"70,730","1,555","67,510","1,403","65,510","1,160","66,190","1,394","63,370","1,374","62,650",937,"63,610","1,116","63,860","1,088","67,050","1,135"
North Carolina,"67,220","2,992","70,390","3,371","69,370","3,194","72,210","2,413","72,480","1,977","74,120","1,998","65,640","2,166","63,160","2,208","68,640","2,080","65,430","1,730","60,210","2,201","60,490","3,882","54,900","1,710","60,880","2,101","60,860","2,670","58,990",811,"60,180","1,186","63,240","1,558","59,320","1,215","64,510","1,479","63,510","1,282","60,310","1,522","60,310","1,182","63,810","1,590","65,510","1,378","65,890","1,698","64,700","1,845","65,590","1,678","66,550","1,884","61,350","1,704","59,140","1,316","57,840","1,311","57,110","1,267","56,630","1,076"
North Dakota,"88,080","4,636","78,950","4,582","83,910","4,659","79,090","3,136","76,900","2,808","84,870","3,842","81,790","3,807","75,140","2,103","76,840","2,924","73,950","4,164","78,160","4,039","77,220","4,505","73,680","2,805","75,900","3,986","70,820","3,209","70,480","2,446","69,580","1,665","68,600","1,860","61,180","2,094","64,720","1,873","61,900","1,974","65,380","1,378","59,780","1,361","59,850","1,344","61,550","1,821","57,770","2,446","54,710","2,129","57,940","2,491","58,820","2,213","55,810","2,335","55,540","2,190","56,430","1,676","55,440","1,853","54,600","1,965"
Ohio,"80,520","3,638","75,680","3,045","71,980","2,360","71,970","3,364","72,420","1,850","78,370","3,650","75,800","2,772","74,990","2,371","68,920","2,418","68,650","2,521","63,900","1,793","66,250","3,196","58,630","2,276","60,130","1,616","63,710","2,073","64,580",881,"65,800","1,189","71,360","1,577","68,420",944,"67,800","1,604","67,950","1,542","70,410","1,505","70,490","1,283","69,870","1,105","73,460","1,252","69,850","1,749","70,270","2,845","66,130","1,636","63,680","1,987","67,040","1,896","62,560","1,147","62,790","1,321","64,590","1,207","62,820","1,601"
Oklahoma,"65,310","2,566","69,070","2,435","67,630","3,594","69,000","4,493","62,940","2,292","71,990","2,857","66,950","3,412","69,010","3,892","65,040","2,109","60,640","2,495","60,750","3,572","60,260","4,493","63,960","3,727","65,260","3,225","59,850","2,878","64,580","1,603","64,640","1,305","62,810","2,112","57,890","2,380","57,740","2,223","62,520","1,771","58,080","1,264","60,210","1,012","59,540","1,154","55,450","1,212","57,810","2,637","60,890","2,224","57,370","1,876","51,290","2,036","50,480","1,688","53,010","2,382","52,700","2,994","52,000","2,211","53,690","2,275"
Oregon,"89,700","3,925","91,030","3,875","92,510","3,657","93,980","3,526","92,180","4,297","90,190","6,878","85,070","4,495","81,060","3,583","75,500","3,348","78,360","3,058","75,780","3,859","63,960","3,769","68,410","3,078","69,390","2,164","70,260","2,090","69,110","2,314","72,520","1,926","73,010","1,972","70,190","2,081","67,730","2,134","64,700","1,659","67,360","1,561","69,040","1,412","69,010","1,257","72,660","1,600","71,850","2,214","70,530","3,479","68,160","3,272","66,340","2,381","69,790","1,861","61,780","2,215","66,500","2,328","65,660","4,193","63,670","2,292"
Pennsylvania,"80,060","2,465","81,880","3,690","76,970","2,765","83,380","2,358","84,910","4,094","85,540","3,910","79,360","2,011","79,260","3,454","77,850","2,599","77,780","2,868","71,010","2,917","72,000","3,833","68,580","1,856","67,210","2,281","67,090","2,094","67,810","1,319","72,060",826,"70,400","1,355","72,260","1,295","71,020","1,143","69,610","1,640","69,460","1,259","70,190","1,313","72,730","1,209","72,110","1,204","66,780","2,018","70,440","1,950","68,660","1,764","65,230","1,821","66,240","1,310","62,980","1,284","62,200","1,393","61,460","1,372","64,040","1,295"
Rhode Island,"92,290","3,960","83,980","4,963","85,980","4,393","86,090","4,847","96,170","4,056","85,020","6,035","76,580","4,118","83,300","5,281","78,550","3,611","71,740","4,182","75,470","5,150","73,520","5,028","74,070","3,384","66,030","3,075","71,680","2,402","72,680","2,035","74,640","3,363","78,790","2,687","80,100","2,717","75,900","2,233","75,650","3,112","72,330","2,021","70,050","1,445","76,450","1,918","72,150","1,741","75,560","3,502","73,450","4,797","63,680","4,090","69,140","1,937","67,840","2,634","62,710","2,594","67,250","3,105","62,590","2,947","65,030","2,301"
South Carolina,"76,780","2,833","70,890","2,210","65,840","2,773","71,810","2,481","72,380","2,376","75,180","2,161","70,650","2,561","68,970","2,607","69,370","4,025","59,710","2,919","57,830","2,888","56,870","3,117","58,660","2,850","53,980","2,292","57,900","2,027","57,850","1,567","59,100","1,572","64,260","2,257","59,050","2,008","61,710","1,847","61,070","1,611","62,250","1,814","62,450","2,021","63,100","1,711","64,240","1,602","64,490","3,056","60,060","2,365","62,700","2,944","64,800","2,626","55,780","2,686","58,620","2,237","52,290","1,927","56,720","2,949","57,910","2,398"
South Dakota,"79,850","3,297","83,860","4,581","71,620","3,622","84,840","3,048","84,190","5,198","77,870","4,576","73,130","3,249","71,380","4,558","73,350","3,926","70,930","3,354","68,280","4,559","69,720","3,808","65,290","2,253","63,600","2,891","62,970","2,840","64,500","1,814","72,340","1,395","67,460","1,308","67,710","2,446","66,190","2,100","64,880","1,570","63,940","1,624","62,550","1,574","66,330","1,431","62,370","1,175","63,370","1,670","59,190","1,829","54,340","2,095","55,190","1,875","56,750","3,089","58,390","2,327","55,670","2,087","54,000","1,376","51,960","1,645"
Tennessee,"75,860","3,052","74,580","3,025","69,700","2,733","71,370","3,031","65,940","2,164","68,630","3,352","68,950","1,774","69,310","2,713","65,550","1,771","60,960","2,200","56,270","2,994","56,600","4,484","56,810","3,180","56,940","3,442","53,580","1,745","57,030","1,391","55,660","1,698","59,870","1,622","60,660","1,125","60,440","1,827","60,090","1,668","60,710","1,911","61,160","1,835","59,830","1,323","58,300","1,590","64,600","2,317","61,550","2,360","56,060","2,485","57,550","2,032","55,670","2,433","56,250","2,019","50,380","1,668","50,010","1,878","51,570","1,930"
Texas,"81,490","1,240","81,110","2,138","79,560","1,953","77,390","1,751","82,050","2,324","81,740","2,144","73,530","1,687","74,400","2,135","74,240","1,796","72,740","1,660","69,340","1,730","67,100","1,775","68,610","1,255","66,050","1,553","65,630","1,609","66,830","1,046","65,180",945,"66,930","1,017","64,550","1,234","63,540",644,"65,340",866,"63,530","1,233","66,310",930,"68,320",856,"66,010","1,342","68,430","1,804","64,600","1,195","64,190","1,610","61,820","1,426","61,470","1,216","60,400","1,286","57,650","1,230","57,490","1,304","58,480","1,320"
Utah,"104,000","5,025","103,800","5,114","102,100","4,296","100,600","4,866","100,700","3,454","102,400","4,235","94,780","2,862","89,480","2,823","86,150","2,856","85,340","3,171","81,580","4,159","79,690","2,027","77,080","3,890","74,730","2,234","78,730","2,724","82,330","2,235","87,670","2,139","77,800","1,770","81,430","2,491","84,080","1,999","80,290","1,463","79,720","1,459","79,040","1,893","79,160","2,677","81,300","1,780","81,450","2,857","79,980","2,482","78,280","3,267","69,230","2,486","69,990","1,763","70,140","2,044","71,820","2,493","70,440","2,355","59,080","2,866"
Vermont,"85,260","4,597","87,400","4,686","76,960","4,438","87,350","3,985","80,670","4,912","90,050","3,738","86,170","2,890","80,050","3,931","77,670","1,741","76,630","3,377","78,140","3,987","85,520","5,239","73,440","4,003","69,840","2,703","77,660","3,120","73,640","2,024","71,090","1,377","68,870","2,032","77,480","1,887","77,770","2,008","74,700","2,004","69,990","1,581","71,010","1,371","68,210","1,578","67,700","1,575","73,550","2,489","71,080","2,872","64,150","3,160","60,480","2,337","64,890","2,383","70,310","3,743","62,340","1,919","67,360","2,741","61,480","2,577"
Virginia,"97,720","3,944","98,990","4,585","90,790","4,351","92,160","3,390","98,610","3,736","98,550","3,704","94,890","3,795","89,450","4,110","84,840","3,110","79,200","3,142","85,150","3,792","86,030","3,577","85,390","2,862","84,330","2,388","83,820","2,728","85,160","1,679","86,900","2,029","85,980","1,984","85,140","2,373","79,630","1,818","80,710","1,761","88,630","2,529","81,970","2,130","84,010","1,920","80,640","1,821","80,820","3,131","78,270","3,963","78,610","3,472","73,290","2,727","69,500","2,669","73,940","3,007","73,120","2,784","78,560","2,795","76,210","2,817"
Washington,"97,500","5,304","95,850","3,523","95,330","2,807","100,600","3,797","97,580","3,715","99,930","3,539","98,060","3,720","94,630","4,149","89,770","2,671","86,610","4,190","76,030","2,825","83,440","4,420","82,160","2,971","76,560","2,671","77,980","2,860","85,010","1,688","79,390","2,833","84,410","2,523","81,570","1,854","77,680","1,603","78,790","1,686","76,860","2,257","74,620","1,592","71,050","2,114","72,710","2,071","80,430","3,679","85,610","2,490","81,550","3,138","68,560","3,006","68,240","2,402","65,860","2,337","71,560","2,230","69,720","2,565","71,640","2,499"
West Virginia,"63,150","1,673","61,970","1,966","55,920","2,540","53,770","2,580","62,340","2,613","65,090","3,630","62,200","1,644","56,950","1,863","56,630","2,546","55,160","4,034","50,910","2,825","56,220","4,509","57,540","3,665","56,320","2,378","59,400","3,496","56,990","1,285","53,260","1,968","61,170","1,437","57,270","1,810","55,900","1,650","52,670","1,851","53,000","1,606","48,490","1,154","49,620","1,127","50,290","1,103","51,820","2,032","48,210","1,408","50,300","2,406","47,190","2,432","47,730","1,669","46,280","2,390","45,000","1,969","41,690","1,834","48,810","1,936"
Wisconsin,"82,560","3,298","81,750","3,847","78,170","2,736","80,300","3,597","80,850","5,789","81,630","2,815","77,030","2,508","79,610","4,608","76,370","2,356","71,390","1,915","74,750","2,772","67,520","3,432","70,130","2,258","70,110","2,784","69,910","1,993","72,120","1,135","71,780","1,194","74,520","1,511","77,050","1,708","68,490","1,807","72,180","2,110","74,850","1,582","75,810","1,562","75,820","1,878","77,090","1,628","80,770","3,322","74,610","2,295","72,460","2,105","74,770","3,327","78,580","2,529","69,500","2,498","63,750","2,689","68,500","2,256","65,650","2,147"
Wyoming,"78,680","2,568","79,200","4,462","77,920","2,452","81,580","4,499","78,500","2,646","78,940","4,572","76,920","4,787","72,570","3,932","73,830","3,986","78,470","2,607","71,680","2,599","88,040","5,206","75,990","3,726","73,410","3,066","72,480","3,028","73,860","3,000","74,770","2,211","70,840","1,981","70,120","2,240","68,590","2,313","71,650","1,809","68,850","1,618","65,670","1,612","66,410","1,950","67,760","1,806","65,880","2,273","63,640","2,376","61,160","2,637","57,860","1,604","60,490","2,180","65,090","3,629","59,090","2,342","62,130","2,920","61,260","2,914"
